timestamp,attention_entropy,memory_diversity,velocity_stability,identity_coherence,cluster_stability,affective_strength,essence_trajectory,average_essence
0,0,0,0.9999999,0.9999999,0.1,0,5,5
1,0.69281846,0,0.9999999,0.9999999,0.19,0,5,5
2,1.0977356,0,0.9999999,0.9999999,0.24000001,0,5,5
3,1.384652,0,0.9999999,1,0.24000001,0,5,5
4,1.6068113,0,0.9999999,1,0.28,0,5,5
5,1.7879317,0,0.9999999,0.9999999,0.3,0,5,5
6,1.9406655,0,0.9999999,1,0.32999998,0,5,5
7,2.0725648,0,0.9999999,0.9999999,0.34,0,5,5
8,2.1885016,0,0.9999999,0.9999999,0.38,0,5,5
9,2.2918036,0,0.9999999,0.9999999,0.4,0,5,5
10,2.384845,0,0.9999999,1,0.41,0,5,5
11,2.469378,0,0.9999999,0.9999999,0.43,0,5,5
12,2.5467358,0,0.9999999,1,0.43,0,5,5
13,2.617954,0,0.9999999,0.9999999,0.45,0,5,5
14,2.6838534,0,0.9999999,0.9999999,0.45,0,5,5
15,2.7450984,0,0.9999999,0.9999999,0.45999998,0,5,5
16,2.8022316,0,0.9999999,0.9999999,0.45999998,0,5,5
17,2.855703,0,0.9999999,0.9999999,0.46999997,0,5,5
18,2.9058912,0,0.9999999,1,0.46999997,0,5,5
19,2.9531143,0,0.9999999,0.9999999,0.48000002,0,5,5
20,2.997648,0,0.9999999,0.9999999,0.5,0,5,5
21,3.0397277,0,0.9999999,1,0.5,0,5,5
22,3.079558,0,0.9999999,0.9999999,0.51,0,5,5
23,3.1173193,0,0.9999999,0.9999999,0.51,0,5,5
24,3.1531692,0,0.9999999,0.9999999,0.51,0,5,5
25,3.1872466,0,0.9999999,1,0.51,0,5,5
26,3.2196765,0,0.9999999,0.9999999,0.51,0,5,5
27,3.2505698,0,0.9999999,0.9999999,0.51,0,5,5
28,3.2800279,0,0.9999999,0.9999999,0.51,0,5,5
29,3.3081403,0,0.9999999,0.9999999,0.51,0,5,5
30,3.334988,0,0.9999999,0.9999999,0.51,0,5,5
31,3.3606467,0,0.9999999,0.9999999,0.51,0,5,5
32,3.3851838,0,0.9999999,1,0.51,0,5,5
33,3.408661,0,0.9999999,0.9999999,0.52,0,5,5
34,3.4311366,0,0.9999999,0.9999999,0.52,0,5,5
35,3.452663,0,0.9999999,1,0.52,0,5,5
36,3.473288,0,0.9999999,1,0.52,0,5,5
37,3.4930577,0,0.9999999,1,0.52,0,5,5
38,3.512014,0,0.9999999,1,0.52,0,5,5
39,3.5301967,0,0.9999999,0.9999999,0.52,0,5,5
40,3.5476413,0,0.9999999,0.9999999,0.52,0,5,5
41,3.564382,0,0.9999999,1,0.52,0,5,5
42,3.5804515,0,0.9999999,1,0.52,0,5,5
43,3.595879,0,0.9999999,0.9999999,0.52,0,5,5
44,3.6106935,0,0.9999999,1,0.52,0,5,5
45,3.6249213,0,0.9999999,0.9999999,0.52,0,5,5
46,3.6385875,0,0.9999999,1,0.52,0,5,5
47,3.6517167,0,0.9999999,1,0.53000003,0,5,5
48,3.66433,0,0.9999999,0.9999999,0.53000003,0,5,5
49,3.6764503,0,0.9999999,0.9999999,0.54,0,5,5
50,3.6880965,0,0.9999999,1,0.56,0,5,5
51,3.6992888,0,0.9999999,0.9999999,0.56,0,5,5
52,3.710046,0,0.9999999,0.9999999,0.56,0,5,5
53,3.7203841,0,0.9999999,1,0.56,0,5,5
54,3.7303205,0,0.9999999,1,0.56,0,5,5
55,3.7398708,0,0.9999999,0.9999999,0.56,0,5,5
56,3.7490506,0,0.9999999,1,0.56,0,5,5
57,3.7578747,0,0.9999999,0.9999999,0.56,0,5,5
58,3.766356,0,0.9999999,1,0.56,0,5,5
59,3.7745082,0,0.9999999,1,0.56,0,5,5
60,3.7823443,0,0.9999999,0.9999999,0.56,0,5,5
61,3.7898755,0,0.9999999,0.9999999,0.56,0,5,5
62,3.7971148,0,0.9999999,0.9999999,0.56,0,5,5
63,3.8040729,0,0.9999999,0.9999999,0.56,0,5,5
64,3.81076,0,0.9999999,1,0.56,0,5,5
65,3.817187,0,0.9999999,0.9999999,0.56,0,5,5
66,3.8233628,0,0.9999999,1,0.56,0,5,5
67,3.8292994,0,0.9999999,0.9999999,0.56,0,5,5
68,3.8350024,0,0.9999999,0.9999999,0.56,0,5,5
69,3.8404841,0,0.9999999,1,0.56,0,5,5
70,3.8457503,0,0.9999999,1,0.56,0,5,5
71,3.8508105,0,0.9999999,1,0.56,0,5,5
72,3.8556721,0,0.9999999,1,0.56,0,5,5
73,3.8603425,0,0.9999999,0.9999999,0.56,0,5,5
74,3.8648295,0,0.9999999,0.9999999,0.56,0,5,5
75,3.8691392,0,0.9999999,1,0.56,0,5,5
76,3.87328,0,0.9999999,0.9999999,0.56,0,5,5
77,3.8772569,0,0.9999999,1,0.56,0,5,5
78,3.8810744,0,0.9999999,1,0.56,0,5,5
79,3.8847432,0,0.9999999,1,0.56,0,5,5
80,3.8882651,0,0.9999999,1,0.56,0,5,5
81,3.8916469,0,0.9999999,1,0.56,0,5,5
82,3.8948941,0,0.9999999,0.9999999,0.56,0,5,5
83,3.8980117,0,0.9999999,0.9999999,0.56,0,5,5
84,3.9010048,0,0.9999999,1,0.56,0,5,5
85,3.9038777,0,0.9999999,0.9999999,0.56,0,5,5
86,3.9066358,0,0.9999999,0.9999999,0.56,0,5,5
87,3.9092832,0,0.9999999,0.9999999,0.56,0,5,5
88,3.9118245,0,0.9999999,0.9999999,0.56,0,5,5
89,3.9142623,0,0.9999999,0.9999999,0.56,0,5,5
90,3.9166026,0,0.9999999,1,0.56,0,5,5
91,3.9188473,0,0.9999999,0.9999999,0.56,0,5,5
92,3.921002,0,0.9999999,0.9999999,0.56,0,5,5
93,3.9230685,0,0.9999999,1,0.56,0,5,5
94,3.9250522,0,0.9999999,1,0.56,0,5,5
95,3.9269538,0,0.9999999,1,0.56,0,5,5
96,3.9287791,0,0.9999999,0.9999999,0.56,0,5,5
97,3.9305282,0,0.9999999,1,0.57,0,5,5
98,3.9322076,0,0.9999999,0.9999999,0.57,0,5,5
99,3.9338183,0,0.9999999,1,0.57,0,5,5
100,3.9353604,0,0.9999999,1,0.57,0,5,5
101,3.9368405,0,0.9999999,0.9999999,0.57,0,5,5
102,3.9382606,0,0.9999999,0.9999999,0.57,0,5,5
103,3.9396214,0,0.9999999,0.9999999,0.57,0,5,5
104,3.940926,0,0.9999999,0.9999999,0.57,0,5,5
105,3.9421763,0,0.9999999,1,0.57,0,5,5
106,3.943375,0,0.9999999,0.9999999,0.57,0,5,5
107,3.9445243,0,0.9999999,0.9999999,0.57,0,5,5
108,3.9456253,0,0.9999999,0.9999999,0.57,0,5,5
109,3.9466815,0,0.9999999,1,0.57,0,5,5
110,3.9476929,0,0.9999999,1,0.57,0,5,5
111,3.9486623,0,0.9999999,0.9999999,0.58000004,0,5,5
112,3.9495912,0,0.9999999,1,0.58000004,0,5,5
113,3.950481,0,0.9999999,0.9999999,0.58000004,0,5,5
114,3.9513335,0,0.9999999,0.9999999,0.58000004,0,5,5
115,3.9521499,0,0.9999999,0.9999999,0.58000004,0,5,5
116,3.9529328,0,0.9999999,1,0.58000004,0,5,5
117,3.9536824,0,0.9999999,1,0.58000004,0,5,5
118,3.9544005,0,0.9999999,0.9999999,0.58000004,0,5,5
119,3.9550872,0,0.9999999,1,0.58000004,0,5,5
120,3.9557471,0,0.9999999,1,0.58000004,0,5,5
121,3.9563775,0,0.9999999,1,0.58000004,0,5,5
122,3.9569821,0,0.9999999,1,0.58000004,0,5,5
123,3.95756,0,0.9999999,0.9999999,0.58000004,0,5,5
124,3.9581134,0,0.9999999,0.9999999,0.58000004,0,5,5
125,3.9586437,0,0.9999999,0.9999999,0.58000004,0,5,5
126,3.9591517,0,0.9999999,0.9999999,0.58000004,0,5,5
127,3.9596372,0,0.9999999,1,0.58000004,0,5,5
128,3.9601035,0,0.9999999,1,0.58000004,0,5,5
129,3.9605489,0,0.9999999,0.9999999,0.58000004,0,5,5
130,3.9609752,0,0.9999999,0.9999999,0.58000004,0,5,5
131,3.9613833,0,0.9999999,1,0.58000004,0,5,5
132,3.9617734,0,0.9999999,0.9999999,0.58000004,0,5,5
133,3.9621472,0,0.9999999,0.9999999,0.58000004,0,5,5
134,3.9625058,0,0.9999999,1,0.58000004,0,5,5
135,3.9628482,0,0.9999999,0.9999999,0.58000004,0,5,5
136,3.9631753,0,0.9999999,0.9999999,0.58000004,0,5,5
137,3.963489,0,0.9999999,0.9999999,0.58000004,0,5,5
138,3.9637883,0,0.9999999,1,0.58000004,0,5,5
139,3.9640758,0,0.9999999,0.9999999,0.58000004,0,5,5
140,3.9643502,0,0.9999999,0.9999999,0.58000004,0,5,5
141,3.9646125,0,0.9999999,0.9999999,0.59000003,0,5,5
142,3.9648643,0,0.9999999,0.9999999,0.59000003,0,5,5
143,3.9651043,0,0.9999999,0.9999999,0.59000003,0,5,5
144,3.9653335,0,0.9999999,1,0.59000003,0,5,5
145,3.9655545,0,0.9999999,1,0.59000003,0,5,5
146,3.9657645,0,0.9999999,0.9999999,0.59000003,0,5,5
147,3.9659657,0,0.9999999,0.9999999,0.59000003,0,5,5
148,3.9661574,0,0.9999999,1,0.59000003,0,5,5
149,3.9663424,0,0.9999999,1,0.59000003,0,5,5
150,3.966518,0,0.9999999,1,0.59000003,0,5,5
151,3.9666862,0,0.9999999,1,0.59000003,0,5,5
152,3.9668477,0,0.9999999,0.9999999,0.59000003,0,5,5
153,3.9670014,0,0.9999999,1,0.59000003,0,5,5
154,3.9671483,0,0.9999999,0.9999999,0.59000003,0,5,5
155,3.9672894,0,0.9999999,0.9999999,0.59000003,0,5,5
156,3.9674237,0,0.9999999,0.9999999,0.59000003,0,5,5
157,3.9675522,0,0.9999999,1,0.59000003,0,5,5
158,3.9676747,0,0.9999999,0.9999999,0.59000003,0,5,5
159,3.967793,0,0.9999999,0.9999999,0.59000003,0,5,5
160,3.9679046,0,0.9999999,0.9999999,0.59000003,0,5,5
161,3.9680123,0,0.9999999,1,0.59000003,0,5,5
162,3.9681163,0,0.9999999,0.9999999,0.59000003,0,5,5
163,3.9682133,0,0.9999999,1,0.59000003,0,5,5
164,3.968307,0,0.9999999,0.9999999,0.59000003,0,5,5
165,3.9683967,0,0.9999999,0.9999999,0.59000003,0,5,5
166,3.9684818,0,0.9999999,1,0.59000003,0,5,5
167,3.9685636,0,0.9999999,0.9999999,0.59000003,0,5,5
168,3.968642,0,0.9999999,0.9999999,0.59000003,0,5,5
169,3.9687161,0,0.9999999,1,0.59000003,0,5,5
170,3.9687881,0,0.9999999,0.9999999,0.59000003,0,5,5
171,3.9688563,0,0.9999999,1,0.59000003,0,5,5
172,3.9689212,0,0.9999999,1,0.59000003,0,5,5
173,3.9689841,0,0.9999999,0.9999999,0.59000003,0,5,5
174,3.9690442,0,0.9999999,0.9999999,0.59000003,0,5,5
175,3.9691005,0,0.9999999,0.9999999,0.59000003,0,5,5
176,3.9691548,0,0.9999999,1,0.59000003,0,5,5
177,3.9692073,0,0.9999999,1,0.59000003,0,5,5
178,3.9692569,0,0.9999999,1,0.59000003,0,5,5
179,3.9693043,0,0.9999999,1,0.59000003,0,5,5
180,3.9693494,0,0.9999999,0.9999999,0.59000003,0,5,5
181,3.9693923,0,0.9999999,0.9999999,0.59000003,0,5,5
182,3.9694333,0,0.9999999,0.9999999,0.59000003,0,5,5
183,3.9694734,0,0.9999999,0.9999999,0.59000003,0,5,5
184,3.9695115,0,0.9999999,1,0.59000003,0,5,5
185,3.9695473,0,0.9999999,1,0.59000003,0,5,5
186,3.9695811,0,0.9999999,0.9999999,0.59000003,0,5,5
187,3.9696136,0,0.9999999,0.9999999,0.59000003,0,5,5
188,3.969646,0,0.9999999,1,0.59000003,0,5,5
189,3.9696755,0,0.9999999,0.9999999,0.59000003,0,5,5
190,3.9697042,0,0.9999999,0.9999999,0.59000003,0,5,5
191,3.9697316,0,0.9999999,1,0.59000003,0,5,5
192,3.9697583,0,0.9999999,0.9999999,0.59000003,0,5,5
193,3.9697824,0,0.9999999,1,0.59000003,0,5,5
194,3.9698062,0,0.9999999,0.9999999,0.59000003,0,5,5
195,3.969829,0,0.9999999,1,0.59000003,0,5,5
196,3.96985,0,0.9999999,0.9999999,0.59000003,0,5,5
197,3.969871,0,0.9999999,0.9999999,0.59000003,0,5,5
198,3.969891,0,0.9999999,1,0.59000003,0,5,5
199,3.9699101,0,0.9999999,0.9999999,0.59000003,0,5,5
200,3.9699275,0,0.9999999,0.9999999,0.59000003,0,5,5
201,3.9699445,0,0.9999999,1,0.59000003,0,5,5
202,3.9699626,0,0.9999999,0.9999999,0.59000003,0,5,5
203,3.9699779,0,0.9999999,1,0.59000003,0,5,5
204,3.9699922,0,0.9999999,1,0.59000003,0,5,5
205,3.9700065,0,0.9999999,0.9999999,0.59000003,0,5,5
206,3.9700208,0,0.9999999,0.9999999,0.59000003,0,5,5
207,3.9700322,0,0.9999999,0.9999999,0.59000003,0,5,5
208,3.9700456,0,0.9999999,0.9999999,0.59000003,0,5,5
209,3.9700584,0,0.9999999,1,0.59000003,0,5,5
210,3.9700685,0,0.9999999,0.9999999,0.59000003,0,5,5
211,3.9700656,0,0.9999999,0.9999999,0.59000003,0,5,5
212,3.9700637,0,0.9999999,1,0.59000003,0,5,5
213,3.9700599,0,0.9999999,1,0.59000003,0,5,5
214,3.970058,0,0.9999999,0.9999999,0.59000003,0,5,5
215,3.970055,0,0.9999999,0.9999999,0.59000003,0,5,5
216,3.9700532,0,0.9999999,0.9999999,0.59000003,0,5,5
217,3.9700508,0,0.9999999,0.9999999,0.59000003,0,5,5
218,3.9700484,0,0.9999999,0.9999999,0.59000003,0,5,5
219,3.9700465,0,0.9999999,0.9999999,0.59000003,0,5,5
220,3.9700446,0,0.9999999,1,0.59000003,0,5,5
221,3.9700432,0,0.9999999,1,0.59000003,0,5,5
222,3.9700418,0,0.9999999,1,0.59000003,0,5,5
223,3.9700398,0,0.9999999,0.9999999,0.59000003,0,5,5
224,3.970039,0,0.9999999,1,0.59000003,0,5,5
225,3.970037,0,0.9999999,1,0.59000003,0,5,5
226,3.970035,0,0.9999999,0.9999999,0.59000003,0,5,5
227,3.970035,0,0.9999999,0.9999999,0.59000003,0,5,5
228,3.9700332,0,0.9999999,0.9999999,0.59000003,0,5,5
229,3.9700322,0,0.9999999,0.9999999,0.59000003,0,5,5
230,3.9700313,0,0.9999999,0.9999999,0.59000003,0,5,5
231,3.9700303,0,0.9999999,1,0.59000003,0,5,5
232,3.9700284,0,0.9999999,0.9999999,0.59000003,0,5,5
233,3.9700274,0,0.9999999,1,0.59000003,0,5,5
234,3.9700274,0,0.9999999,0.9999999,0.59000003,0,5,5
235,3.9700265,0,0.9999999,1,0.59000003,0,5,5
236,3.9700253,0,0.9999999,1,0.59000003,0,5,5
237,3.9700246,0,0.9999999,0.9999999,0.59000003,0,5,5
238,3.9700236,0,0.9999999,0.9999999,0.59000003,0,5,5
239,3.970023,0,0.9999999,0.9999999,0.59000003,0,5,5
240,3.9700217,0,0.9999999,0.9999999,0.59000003,0,5,5
241,3.9700217,0,0.9999999,0.9999999,0.59000003,0,5,5
242,3.9700208,0,0.9999999,1,0.59000003,0,5,5
243,3.9700203,0,0.9999999,1,0.59000003,0,5,5
244,3.9700198,0,0.9999999,0.9999999,0.59000003,0,5,5
245,3.9700198,0,0.9999999,0.9999999,0.59000003,0,5,5
246,3.9700198,0,0.9999999,0.9999999,0.59000003,0,5,5
247,3.9700189,0,0.9999999,0.9999999,0.59000003,0,5,5
248,3.970018,0,0.9999999,0.9999999,0.59000003,0,5,5
249,3.970018,0,0.9999999,1,0.59000003,0,5,5
250,3.970017,0,0.9999999,0.9999999,0.59000003,0,5,5
251,3.970017,0,0.9999999,1,0.59000003,0,5,5
252,3.970017,0,0.9999999,0.9999999,0.59000003,0,5,5
253,3.970016,0,0.9999999,0.9999999,0.59000003,0,5,5
254,3.970016,0,0.9999999,1,0.59000003,0,5,5
255,3.970015,0,0.9999999,0.9999999,0.59000003,0,5,5
256,3.970014,0,0.9999999,1,0.59000003,0,5,5
257,3.970014,0,0.9999999,0.9999999,0.59000003,0,5,5
258,3.970014,0,0.9999999,1,0.59000003,0,5,5
259,3.9700139,0,0.9999999,0.9999999,0.59000003,0,5,5
260,3.9700139,0,0.9999999,0.9999999,0.59000003,0,5,5
261,3.9700131,0,0.9999999,0.9999999,0.59000003,0,5,5
262,3.9700131,0,0.9999999,0.9999999,0.59000003,0,5,5
263,3.9700131,0,0.9999999,1,0.59000003,0,5,5
264,3.9700131,0,0.9999999,0.9999999,0.59000003,0,5,5
265,3.9700131,0,0.9999999,1,0.59000003,0,5,5
266,3.9700131,0,0.9999999,0.9999999,0.59000003,0,5,5
267,3.9700131,0,0.9999999,1,0.59000003,0,5,5
268,3.9700131,0,0.9999999,0.9999999,0.59000003,0,5,5
269,3.9700122,0,0.9999999,1,0.59000003,0,5,5
270,3.9700122,0,0.9999999,0.9999999,0.59000003,0,5,5
271,3.9700122,0,0.9999999,1,0.59000003,0,5,5
272,3.9700122,0,0.9999999,0.9999999,0.59000003,0,5,5
273,3.9700122,0,0.9999999,1,0.59000003,0,5,5
274,3.9700122,0,0.9999999,0.9999999,0.59000003,0,5,5
275,3.9700122,0,0.9999999,1,0.59000003,0,5,5
276,3.9700115,0,0.9999999,0.9999999,0.59000003,0,5,5
277,3.9700115,0,0.9999999,0.9999999,0.59000003,0,5,5
278,3.9700115,0,0.9999999,0.9999999,0.59000003,0,5,5
279,3.9700112,0,0.9999999,0.9999999,0.59000003,0,5,5
280,3.9700112,0,0.9999999,1,0.59000003,0,5,5
281,3.9700112,0,0.9999999,0.9999999,0.59000003,0,5,5
282,3.9700112,0,0.9999999,1,0.59000003,0,5,5
283,3.9700112,0,0.9999999,0.9999999,0.59000003,0,5,5
284,3.9700112,0,0.9999999,1,0.59000003,0,5,5
285,3.9700112,0,0.9999999,0.9999999,0.59000003,0,5,5
286,3.9700112,0,0.9999999,1,0.59000003,0,5,5
287,3.9700112,0,0.9999999,0.9999999,0.59000003,0,5,5
288,3.9700103,0,0.9999999,1,0.59000003,0,5,5
289,3.9700103,0,0.9999999,0.9999999,0.59000003,0,5,5
290,3.9700103,0,0.9999999,1,0.59000003,0,5,5
291,3.9700103,0,0.9999999,0.9999999,0.59000003,0,5,5
292,3.9700103,0,0.9999999,0.9999999,0.59000003,0,5,5
293,3.9700103,0,0.9999999,1,0.59000003,0,5,5
294,3.9700103,0,0.9999999,0.9999999,0.59000003,0,5,5
295,3.9700103,0,0.9999999,1,0.59000003,0,5,5
296,3.9700103,0,0.9999999,0.9999999,0.59000003,0,5,5
297,3.9700103,0,0.9999999,1,0.59000003,0,5,5
298,3.9700103,0,0.9999999,0.9999999,0.59000003,0,5,5
299,3.9700103,0,0.9999999,1,0.59000003,0,5,5
300,3.9700103,0,0.9999999,0.9999999,0.59000003,0,5,5
301,3.9700103,0,0.9999999,1,0.59000003,0,5,5
302,3.9700103,0,0.9999999,0.9999999,0.59000003,0,5,5
303,3.9700103,0,0.9999999,1,0.59000003,0,5,5
304,3.9700103,0,0.9999999,0.9999999,0.59000003,0,5,5
305,3.9700103,0,0.9999999,1,0.59000003,0,5,5
306,3.9700103,0,0.9999999,0.9999999,0.59000003,0,5,5
307,3.9700103,0,0.9999999,0.9999999,0.59000003,0,5,5
308,3.9700103,0,0.9999999,0.9999999,0.59000003,0,5,5
309,3.9700103,0,0.9999999,0.9999999,0.59000003,0,5,5
310,3.9700103,0,0.9999999,1,0.59000003,0,5,5
311,3.9700103,0,0.9999999,0.9999999,0.59000003,0,5,5
312,3.9700103,0,0.9999999,1,0.59000003,0,5,5
313,3.9700103,0,0.9999999,0.9999999,0.59000003,0,5,5
314,3.9700103,0,0.9999999,1,0.59000003,0,5,5
315,3.9700103,0,0.9999999,0.9999999,0.59000003,0,5,5
316,3.9700103,0,0.9999999,1,0.59000003,0,5,5
317,3.9700103,0,0.9999999,0.9999999,0.59000003,0,5,5
318,3.97001,0,0.9999999,1,0.59000003,0,5,5
319,3.97001,0,0.9999999,0.9999999,0.59000003,0,5,5
320,3.97001,0,0.9999999,0.9999999,0.59000003,0,5,5
321,3.97001,0,0.9999999,0.9999999,0.59000003,0,5,5
322,3.97001,0,0.9999999,0.9999999,0.59000003,0,5,5
323,3.97001,0,0.9999999,1,0.59000003,0,5,5
324,3.97001,0,0.9999999,0.9999999,0.59000003,0,5,5
325,3.97001,0,0.9999999,1,0.59000003,0,5,5
326,3.97001,0,0.9999999,0.9999999,0.59000003,0,5,5
327,3.97001,0,0.9999999,1,0.59000003,0,5,5
328,3.97001,0,0.9999999,0.9999999,0.59000003,0,5,5
329,3.97001,0,0.9999999,1,0.59000003,0,5,5
330,3.97001,0,0.9999999,0.9999999,0.59000003,0,5,5
331,3.97001,0,0.9999999,1,0.59000003,0,5,5
332,3.97001,0,0.9999999,0.9999999,0.59000003,0,5,5
333,3.97001,0,0.9999999,1,0.59000003,0,5,5
334,3.97001,0,0.9999999,0.9999999,0.59000003,0,5,5
335,3.97001,0,0.9999999,0.9999999,0.59000003,0,5,5
336,3.97001,0,0.9999999,1,0.59000003,0,5,5
337,3.97001,0,0.9999999,0.9999999,0.59000003,0,5,5
338,3.97001,0,0.9999999,0.9999999,0.59000003,0,5,5
339,3.97001,0,0.9999999,0.9999999,0.59000003,0,5,5
340,3.97001,0,0.9999999,1,0.59000003,0,5,5
341,3.97001,0,0.9999999,0.9999999,0.59000003,0,5,5
342,3.97001,0,0.9999999,1,0.59000003,0,5,5
343,3.97001,0,0.9999999,0.9999999,0.59000003,0,5,5
344,3.97001,0,0.9999999,1,0.59000003,0,5,5
345,3.97001,0,0.9999999,0.9999999,0.59000003,0,5,5
346,3.97001,0,0.9999999,1,0.59000003,0,5,5
347,3.97001,0,0.9999999,0.9999999,0.59000003,0,5,5
348,3.97001,0,0.9999999,0.9999999,0.59000003,0,5,5
349,3.97001,0,0.9999999,0.9999999,0.59000003,0,5,5
350,3.97001,0,0.9999999,0.9999999,0.59000003,0,5,5
351,3.97001,0,0.9999999,0.9999999,0.59000003,0,5,5
352,3.97001,0,0.9999999,1,0.59000003,0,5,5
353,3.97001,0,0.9999999,0.9999999,0.59000003,0,5,5
354,3.97001,0,0.9999999,0.9999999,0.59000003,0,5,5
355,3.97001,0,0.9999999,0.9999999,0.59000003,0,5,5
356,3.97001,0,0.9999999,0.9999999,0.59000003,0,5,5
357,3.97001,0,0.9999999,1,0.59000003,0,5,5
358,3.97001,0,0.9999999,0.9999999,0.59000003,0,5,5
359,3.97001,0,0.9999999,1,0.59000003,0,5,5
360,3.97001,0,0.9999999,0.9999999,0.59000003,0,5,5
361,3.97001,0,0.9999999,1,0.59000003,0,5,5
362,3.97001,0,0.9999999,0.9999999,0.59000003,0,5,5
363,3.97001,0,0.9999999,1,0.59000003,0,5,5
364,3.97001,0,0.9999999,0.9999999,0.59000003,0,5,5
365,3.97001,0,0.9999999,1,0.59000003,0,5,5
366,3.97001,0,0.9999999,0.9999999,0.59000003,0,5,5
367,3.97001,0,0.9999999,0.9999999,0.59000003,0,5,5
368,3.97001,0,0.9999999,0.9999999,0.59000003,0,5,5
369,3.97001,0,0.9999999,0.9999999,0.59000003,0,5,5
370,3.97001,0,0.9999999,1,0.59000003,0,5,5
371,3.97001,0,0.9999999,0.9999999,0.59000003,0,5,5
372,3.97001,0,0.9999999,1,0.59000003,0,5,5
373,3.97001,0,0.9999999,0.9999999,0.59000003,0,5,5
374,3.97001,0,0.9999999,1,0.59000003,0,5,5
375,3.97001,0,0.9999999,0.9999999,0.59000003,0,5,5
376,3.97001,0,0.9999999,1,0.59000003,0,5,5
377,3.97001,0,0.9999999,0.9999999,0.59000003,0,5,5
378,3.97001,0,0.9999999,1,0.59000003,0,5,5
379,3.97001,0,0.9999999,0.9999999,0.59000003,0,5,5
380,3.97001,0,0.9999999,0.9999999,0.59000003,0,5,5
381,3.97001,0,0.9999999,0.9999999,0.59000003,0,5,5
382,3.97001,0,0.9999999,0.9999999,0.59000003,0,5,5
383,3.97001,0,0.9999999,1,0.59000003,0,5,5
384,3.97001,0,0.9999999,0.9999999,0.59000003,0,5,5
385,3.97001,0,0.9999999,1,0.59000003,0,5,5
386,3.97001,0,0.9999999,0.9999999,0.59000003,0,5,5
387,3.97001,0,0.9999999,1,0.59000003,0,5,5
388,3.97001,0,0.9999999,0.9999999,0.59000003,0,5,5
389,3.97001,0,0.9999999,0.9999999,0.59000003,0,5,5
390,3.97001,0,0.9999999,0.9999999,0.59000003,0,5,5
391,3.97001,0,0.9999999,1,0.59000003,0,5,5
392,3.97001,0,0.9999999,0.9999999,0.59000003,0,5,5
393,3.97001,0,0.9999999,0.9999999,0.59000003,0,5,5
394,3.97001,0,0.9999999,1,0.59000003,0,5,5
395,3.97001,0,0.9999999,0.9999999,0.59000003,0,5,5
396,3.97001,0,0.9999999,1,0.59000003,0,5,5
397,3.97001,0,0.9999999,1,0.59000003,0,5,5
398,3.97001,0,0.9999999,0.9999999,0.59000003,0,5,5
399,3.97001,0,0.9999999,1,0.59000003,0,5,5
400,3.97001,0,0.9999999,1,0.59000003,0,5,5
401,3.97001,0,0.9999999,1,0.59000003,0,5,5
402,3.97001,0,0.9999999,0.9999999,0.59000003,0,5,5
403,3.97001,0,0.9999999,0.9999999,0.59000003,0,5,5
404,3.97001,0,0.9999999,1,0.59000003,0,5,5
405,3.97001,0,0.9999999,0.9999999,0.59000003,0,5,5
406,3.97001,0,0.9999999,0.9999999,0.59000003,0,5,5
407,3.97001,0,0.9999999,0.9999999,0.59000003,0,5,5
408,3.97001,0,0.9999999,0.9999999,0.59000003,0,5,5
409,3.97001,0,0.9999999,0.9999999,0.59000003,0,5,5
410,3.97001,0,0.9999999,1,0.59000003,0,5,5
411,3.97001,0,0.9999999,1,0.59000003,0,5,5
412,3.97001,0,0.9999999,0.9999999,0.59000003,0,5,5
413,3.97001,0,0.9999999,0.9999999,0.59000003,0,5,5
414,3.97001,0,0.9999999,0.9999999,0.59000003,0,5,5
415,3.97001,0,0.9999999,1,0.59000003,0,5,5
416,3.97001,0,0.9999999,0.9999999,0.59000003,0,5,5
417,3.97001,0,0.9999999,0.9999999,0.59000003,0,5,5
418,3.97001,0,0.9999999,0.9999999,0.59000003,0,5,5
419,3.97001,0,0.9999999,1,0.59000003,0,5,5
420,3.97001,0,0.9999999,0.9999999,0.59000003,0,5,5
421,3.97001,0,0.9999999,1,0.59000003,0,5,5
422,3.97001,0,0.9999999,1,0.59000003,0,5,5
423,3.97001,0,0.9999999,0.9999999,0.59000003,0,5,5
424,3.97001,0,0.9999999,0.9999999,0.59000003,0,5,5
425,3.97001,0,0.9999999,1,0.59000003,0,5,5
426,3.97001,0,0.9999999,0.9999999,0.59000003,0,5,5
427,3.97001,0,0.9999999,1,0.59000003,0,5,5
428,3.97001,0,0.9999999,1,0.59000003,0,5,5
429,3.97001,0,0.9999999,0.9999999,0.59000003,0,5,5
430,3.97001,0,0.9999999,1,0.59000003,0,5,5
431,3.97001,0,0.9999999,1,0.59000003,0,5,5
432,3.97001,0,0.9999999,0.9999999,0.59000003,0,5,5
433,3.97001,0,0.9999999,1,0.59000003,0,5,5
434,3.97001,0,0.9999999,0.9999999,0.59000003,0,5,5
435,3.97001,0,0.9999999,0.9999999,0.59000003,0,5,5
436,3.97001,0,0.9999999,0.9999999,0.59000003,0,5,5
437,3.97001,0,0.9999999,0.9999999,0.59000003,0,5,5
438,3.97001,0,0.9999999,0.9999999,0.59000003,0,5,5
439,3.97001,0,0.9999999,0.9999999,0.59000003,0,5,5
440,3.97001,0,0.9999999,0.9999999,0.59000003,0,5,5
441,3.97001,0,0.9999999,0.9999999,0.59000003,0,5,5
442,3.97001,0,0.9999999,0.9999999,0.59000003,0,5,5
443,3.97001,0,0.9999999,1,0.59000003,0,5,5
444,3.97001,0,0.9999999,1,0.59000003,0,5,5
445,3.97001,0,0.9999999,0.9999999,0.59000003,0,5,5
446,3.97001,0,0.9999999,1,0.59000003,0,5,5
447,3.97001,0,0.9999999,1,0.59000003,0,5,5
448,3.97001,0,0.9999999,0.9999999,0.59000003,0,5,5
449,3.97001,0,0.9999999,1,0.59000003,0,5,5
450,3.97001,0,0.9999999,1,0.59000003,0,5,5
451,3.97001,0,0.9999999,0.9999999,0.59000003,0,5,5
452,3.97001,0,0.9999999,1,0.59000003,0,5,5
453,3.97001,0,0.9999999,1,0.59000003,0,5,5
454,3.97001,0,0.9999999,0.9999999,0.59000003,0,5,5
455,3.97001,0,0.9999999,0.9999999,0.59000003,0,5,5
456,3.97001,0,0.9999999,1,0.59000003,0,5,5
457,3.97001,0,0.9999999,0.9999999,0.59000003,0,5,5
458,3.97001,0,0.9999999,1,0.59000003,0,5,5
459,3.97001,0,0.9999999,1,0.59000003,0,5,5
460,3.97001,0,0.9999999,0.9999999,0.59000003,0,5,5
461,3.97001,0,0.9999999,1,0.59000003,0,5,5
462,3.97001,0,0.9999999,0.9999999,0.59000003,0,5,5
463,3.97001,0,0.9999999,1,0.59000003,0,5,5
464,3.97001,0,0.9999999,0.9999999,0.59000003,0,5,5
465,3.97001,0,0.9999999,0.9999999,0.59000003,0,5,5
466,3.97001,0,0.9999999,1,0.59000003,0,5,5
467,3.97001,0,0.9999999,1,0.59000003,0,5,5
468,3.97001,0,0.9999999,0.9999999,0.59000003,0,5,5
469,3.97001,0,0.9999999,1,0.59000003,0,5,5
470,3.97001,0,0.9999999,0.9999999,0.59000003,0,5,5
471,3.97001,0,0.9999999,0.9999999,0.59000003,0,5,5
472,3.97001,0,0.9999999,0.9999999,0.59000003,0,5,5
473,3.97001,0,0.9999999,1,0.59000003,0,5,5
474,3.97001,0,0.9999999,1,0.59000003,0,5,5
475,3.97001,0,0.9999999,0.9999999,0.59000003,0,5,5
476,3.97001,0,0.9999999,0.9999999,0.59000003,0,5,5
477,3.97001,0,0.9999999,0.9999999,0.59000003,0,5,5
478,3.97001,0,0.9999999,0.9999999,0.59000003,0,5,5
479,3.97001,0,0.9999999,0.9999999,0.59000003,0,5,5
480,3.97001,0,0.9999999,0.9999999,0.59000003,0,5,5
481,3.97001,0,0.9999999,1,0.59000003,0,5,5
482,3.97001,0,0.9999999,1,0.59000003,0,5,5
483,3.97001,0,0.9999999,0.9999999,0.59000003,0,5,5
484,3.97001,0,0.9999999,0.9999999,0.59000003,0,5,5
485,3.97001,0,0.9999999,1,0.59000003,0,5,5
486,3.97001,0,0.9999999,1,0.59000003,0,5,5
487,3.97001,0,0.9999999,1,0.59000003,0,5,5
488,3.97001,0,0.9999999,0.9999999,0.59000003,0,5,5
489,3.97001,0,0.9999999,0.9999999,0.59000003,0,5,5
490,3.97001,0,0.9999999,1,0.59000003,0,5,5
491,3.97001,0,0.9999999,1,0.59000003,0,5,5
492,3.97001,0,0.9999999,0.9999999,0.59000003,0,5,5
493,3.97001,0,0.9999999,0.9999999,0.59000003,0,5,5
494,3.97001,0,0.9999999,0.9999999,0.59000003,0,5,5
495,3.97001,0,0.9999999,1,0.59000003,0,5,5
496,3.97001,0,0.9999999,0.9999999,0.59000003,0,5,5
497,3.97001,0,0.9999999,0.9999999,0.59000003,0,5,5
498,3.97001,0,0.9999999,0.9999999,0.59000003,0,5,5
499,3.97001,0,0.9999999,1,0.59000003,0,5,5
500,3.97001,0,0.9999999,0.9999999,0.59000003,0,5,5
501,3.97001,0,0.9999999,0.9999999,0.59000003,0,5,5
502,3.97001,0,0.9999999,0.9999999,0.59000003,0,5,5
503,3.97001,0,0.9999999,1,0.59000003,0,5,5
504,3.97001,0,0.9999999,0.9999999,0.59000003,0,5,5
505,3.97001,0,0.9999999,0.9999999,0.59000003,0,5,5
506,3.97001,0,0.9999999,0.9999999,0.59000003,0,5,5
507,3.97001,0,0.9999999,1,0.59000003,0,5,5
508,3.97001,0,0.9999999,1,0.59000003,0,5,5
509,3.97001,0,0.9999999,0.9999999,0.59000003,0,5,5
510,3.97001,0,0.9999999,0.9999999,0.59000003,0,5,5
511,3.97001,0,0.9999999,1,0.59000003,0,5,5
512,3.97001,0,0.9999999,1,0.59000003,0,5,5
513,3.97001,0,0.9999999,0.9999999,0.59000003,0,5,5
514,3.97001,0,0.9999999,0.9999999,0.59000003,0,5,5
515,3.97001,0,0.9999999,0.9999999,0.59000003,0,5,5
516,3.97001,0,0.9999999,1,0.59000003,0,5,5
517,3.97001,0,0.9999999,0.9999999,0.59000003,0,5,5
518,3.97001,0,0.9999999,0.9999999,0.59000003,0,5,5
519,3.97001,0,0.9999999,0.9999999,0.59000003,0,5,5
520,3.97001,0,0.9999999,1,0.59000003,0,5,5
521,3.97001,0,0.9999999,1,0.59000003,0,5,5
522,3.97001,0,0.9999999,0.9999999,0.59000003,0,5,5
523,3.97001,0,0.9999999,0.9999999,0.59000003,0,5,5
524,3.97001,0,0.9999999,0.9999999,0.59000003,0,5,5
525,3.97001,0,0.9999999,1,0.59000003,0,5,5
526,3.97001,0,0.9999999,0.9999999,0.59000003,0,5,5
527,3.97001,0,0.9999999,0.9999999,0.59000003,0,5,5
528,3.97001,0,0.9999999,0.9999999,0.59000003,0,5,5
529,3.97001,0,0.9999999,1,0.59000003,0,5,5
530,3.97001,0,0.9999999,0.9999999,0.59000003,0,5,5
531,3.97001,0,0.9999999,0.9999999,0.59000003,0,5,5
532,3.97001,0,0.9999999,0.9999999,0.59000003,0,5,5
533,3.97001,0,0.9999999,1,0.59000003,0,5,5
534,3.97001,0,0.9999999,0.9999999,0.59000003,0,5,5
535,3.97001,0,0.9999999,0.9999999,0.59000003,0,5,5
536,3.97001,0,0.9999999,0.9999999,0.59000003,0,5,5
537,3.97001,0,0.9999999,1,0.59000003,0,5,5
538,3.97001,0,0.9999999,1,0.59000003,0,5,5
539,3.97001,0,0.9999999,0.9999999,0.59000003,0,5,5
540,3.97001,0,0.9999999,0.9999999,0.59000003,0,5,5
541,3.97001,0,0.9999999,1,0.59000003,0,5,5
542,3.97001,0,0.9999999,1,0.59000003,0,5,5
543,3.97001,0,0.9999999,0.9999999,0.59000003,0,5,5
544,3.97001,0,0.9999999,0.9999999,0.59000003,0,5,5
545,3.97001,0,0.9999999,0.9999999,0.59000003,0,5,5
546,3.97001,0,0.9999999,1,0.59000003,0,5,5
547,3.97001,0,0.9999999,0.9999999,0.59000003,0,5,5
548,3.97001,0,0.9999999,0.9999999,0.59000003,0,5,5
549,3.97001,0,0.9999999,0.9999999,0.59000003,0,5,5
550,3.97001,0,0.9999999,1,0.59000003,0,5,5
551,3.97001,0,0.9999999,0.9999999,0.59000003,0,5,5
552,3.97001,0,0.9999999,0.9999999,0.59000003,0,5,5
553,3.97001,0,0.9999999,0.9999999,0.59000003,0,5,5
554,3.97001,0,0.9999999,1,0.59000003,0,5,5
555,3.97001,0,0.9999999,1,0.59000003,0,5,5
556,3.97001,0,0.9999999,0.9999999,0.59000003,0,5,5
557,3.97001,0,0.9999999,0.9999999,0.59000003,0,5,5
558,3.97001,0,0.9999999,0.9999999,0.59000003,0,5,5
559,3.97001,0,0.9999999,1,0.59000003,0,5,5
560,3.97001,0,0.9999999,0.9999999,0.59000003,0,5,5
561,3.97001,0,0.9999999,0.9999999,0.59000003,0,5,5
562,3.97001,0,0.9999999,0.9999999,0.59000003,0,5,5
563,3.97001,0,0.9999999,1,0.59000003,0,5,5
564,3.97001,0,0.9999999,1,0.59000003,0,5,5
565,3.97001,0,0.9999999,0.9999999,0.59000003,0,5,5
566,3.97001,0,0.9999999,0.9999999,0.59000003,0,5,5
567,3.97001,0,0.9999999,1,0.59000003,0,5,5
568,3.97001,0,0.9999999,1,0.59000003,0,5,5
569,3.97001,0,0.9999999,0.9999999,0.59000003,0,5,5
570,3.97001,0,0.9999999,0.9999999,0.59000003,0,5,5
571,3.97001,0,0.9999999,1,0.59000003,0,5,5
572,3.97001,0,0.9999999,1,0.59000003,0,5,5
573,3.97001,0,0.9999999,0.9999999,0.59000003,0,5,5
574,3.97001,0,0.9999999,0.9999999,0.59000003,0,5,5
575,3.97001,0,0.9999999,1,0.59000003,0,5,5
576,3.97001,0,0.9999999,1,0.59000003,0,5,5
577,3.97001,0,0.9999999,0.9999999,0.59000003,0,5,5
578,3.97001,0,0.9999999,0.9999999,0.59000003,0,5,5
579,3.97001,0,0.9999999,0.9999999,0.59000003,0,5,5
580,3.97001,0,0.9999999,1,0.59000003,0,5,5
581,3.97001,0,0.9999999,1,0.59000003,0,5,5
582,3.97001,0,0.9999999,0.9999999,0.59000003,0,5,5
583,3.97001,0,0.9999999,0.9999999,0.59000003,0,5,5
584,3.97001,0,0.9999999,1,0.59000003,0,5,5
585,3.97001,0,0.9999999,1,0.59000003,0,5,5
586,3.97001,0,0.9999999,0.9999999,0.59000003,0,5,5
587,3.97001,0,0.9999999,0.9999999,0.59000003,0,5,5
588,3.97001,0,0.9999999,0.9999999,0.59000003,0,5,5
589,3.97001,0,0.9999999,1,0.59000003,0,5,5
590,3.97001,0,0.9999999,1,0.59000003,0,5,5
591,3.97001,0,0.9999999,0.9999999,0.59000003,0,5,5
592,3.97001,0,0.9999999,0.9999999,0.59000003,0,5,5
593,3.97001,0,0.9999999,1,0.59000003,0,5,5
594,3.97001,0,0.9999999,0.9999999,0.59000003,0,5,5
595,3.97001,0,0.9999999,0.9999999,0.59000003,0,5,5
596,3.97001,0,0.9999999,0.9999999,0.59000003,0,5,5
597,3.97001,0,0.9999999,1,0.59000003,0,5,5
598,3.97001,0,0.9999999,1,0.59000003,0,5,5
599,3.97001,0,0.9999999,0.9999999,0.59000003,0,5,5
600,3.97001,0,0.9999999,0.9999999,0.59000003,0,5,5
601,3.97001,0,0.9999999,1,0.59000003,0,5,5
602,3.97001,0,0.9999999,1,0.59000003,0,5,5
603,3.97001,0,0.9999999,0.9999999,0.59000003,0,5,5
604,3.97001,0,0.9999999,0.9999999,0.59000003,0,5,5
605,3.97001,0,0.9999999,1,0.59000003,0,5,5
606,3.97001,0,0.9999999,1,0.59000003,0,5,5
607,3.97001,0,0.9999999,0.9999999,0.59000003,0,5,5
608,3.97001,0,0.9999999,0.9999999,0.59000003,0,5,5
609,3.97001,0,0.9999999,0.9999999,0.59000003,0,5,5
610,3.97001,0,0.9999999,1,0.59000003,0,5,5
611,3.97001,0,0.9999999,0.9999999,0.59000003,0,5,5
612,3.97001,0,0.9999999,0.9999999,0.59000003,0,5,5
613,3.97001,0,0.9999999,0.9999999,0.59000003,0,5,5
614,3.97001,0,0.9999999,0.9999999,0.59000003,0,5,5
615,3.97001,0,0.9999999,1,0.59000003,0,5,5
616,3.97001,0,0.9999999,0.9999999,0.59000003,0,5,5
617,3.97001,0,0.9999999,0.9999999,0.59000003,0,5,5
618,3.97001,0,0.9999999,1,0.59000003,0,5,5
619,3.97001,0,0.9999999,1,0.59000003,0,5,5
620,3.97001,0,0.9999999,0.9999999,0.59000003,0,5,5
621,3.97001,0,0.9999999,0.9999999,0.59000003,0,5,5
622,3.97001,0,0.9999999,0.9999999,0.59000003,0,5,5
623,3.97001,0,0.9999999,1,0.59000003,0,5,5
624,3.97001,0,0.9999999,0.9999999,0.59000003,0,5,5
625,3.97001,0,0.9999999,0.9999999,0.59000003,0,5,5
626,3.97001,0,0.9999999,0.9999999,0.59000003,0,5,5
627,3.97001,0,0.9999999,1,0.59000003,0,5,5
628,3.97001,0,0.9999999,1,0.59000003,0,5,5
629,3.97001,0,0.9999999,0.9999999,0.59000003,0,5,5
630,3.97001,0,0.9999999,0.9999999,0.59000003,0,5,5
631,3.97001,0,0.9999999,1,0.59000003,0,5,5
632,3.97001,0,0.9999999,1,0.59000003,0,5,5
633,3.97001,0,0.9999999,0.9999999,0.59000003,0,5,5
634,3.97001,0,0.9999999,0.9999999,0.59000003,0,5,5
635,3.97001,0,0.9999999,0.9999999,0.59000003,0,5,5
636,3.97001,0,0.9999999,1,0.59000003,0,5,5
637,3.97001,0,0.9999999,0.9999999,0.59000003,0,5,5
638,3.97001,0,0.9999999,0.9999999,0.59000003,0,5,5
639,3.97001,0,0.9999999,0.9999999,0.59000003,0,5,5
640,3.97001,0,0.9999999,1,0.59000003,0,5,5
641,3.97001,0,0.9999999,1,0.59000003,0,5,5
642,3.97001,0,0.9999999,0.9999999,0.59000003,0,5,5
643,3.97001,0,0.9999999,0.9999999,0.59000003,0,5,5
644,3.97001,0,0.9999999,1,0.59000003,0,5,5
645,3.97001,0,0.9999999,1,0.59000003,0,5,5
646,3.97001,0,0.9999999,0.9999999,0.59000003,0,5,5
647,3.97001,0,0.9999999,0.9999999,0.59000003,0,5,5
648,3.97001,0,0.9999999,1,0.59000003,0,5,5
649,3.97001,0,0.9999999,1,0.59000003,0,5,5
650,3.97001,0,0.9999999,0.9999999,0.59000003,0,5,5
651,3.97001,0,0.9999999,0.9999999,0.59000003,0,5,5
652,3.97001,0,0.9999999,0.9999999,0.59000003,0,5,5
653,3.97001,0,0.9999999,1,0.59000003,0,5,5
654,3.97001,0,0.9999999,1,0.59000003,0,5,5
655,3.97001,0,0.9999999,0.9999999,0.59000003,0,5,5
656,3.97001,0,0.9999999,0.9999999,0.59000003,0,5,5
657,3.97001,0,0.9999999,1,0.59000003,0,5,5
658,3.97001,0,0.9999999,0.9999999,0.59000003,0,5,5
659,3.97001,0,0.9999999,0.9999999,0.59000003,0,5,5
660,3.97001,0,0.9999999,0.9999999,0.59000003,0,5,5
661,3.97001,0,0.9999999,1,0.59000003,0,5,5
662,3.97001,0,0.9999999,1,0.59000003,0,5,5
663,3.97001,0,0.9999999,0.9999999,0.59000003,0,5,5
664,3.97001,0,0.9999999,0.9999999,0.59000003,0,5,5
665,3.97001,0,0.9999999,0.9999999,0.59000003,0,5,5
666,3.97001,0,0.9999999,1,0.59000003,0,5,5
667,3.97001,0,0.9999999,0.9999999,0.59000003,0,5,5
668,3.97001,0,0.9999999,0.9999999,0.59000003,0,5,5
669,3.97001,0,0.9999999,0.9999999,0.59000003,0,5,5
670,3.97001,0,0.9999999,1,0.59000003,0,5,5
671,3.97001,0,0.9999999,1,0.59000003,0,5,5
672,3.97001,0,0.9999999,0.9999999,0.59000003,0,5,5
673,3.97001,0,0.9999999,0.9999999,0.59000003,0,5,5
674,3.97001,0,0.9999999,1,0.59000003,0,5,5
675,3.97001,0,0.9999999,1,0.59000003,0,5,5
676,3.97001,0,0.9999999,0.9999999,0.59000003,0,5,5
677,3.97001,0,0.9999999,0.9999999,0.59000003,0,5,5
678,3.97001,0,0.9999999,0.9999999,0.59000003,0,5,5
679,3.97001,0,0.9999999,1,0.59000003,0,5,5
680,3.97001,0,0.9999999,1,0.59000003,0,5,5
681,3.97001,0,0.9999999,0.9999999,0.59000003,0,5,5
682,3.97001,0,0.9999999,0.9999999,0.59000003,0,5,5
683,3.97001,0,0.9999999,1,0.59000003,0,5,5
684,3.97001,0,0.9999999,0.9999999,0.59000003,0,5,5
685,3.97001,0,0.9999999,0.9999999,0.59000003,0,5,5
686,3.97001,0,0.9999999,0.9999999,0.59000003,0,5,5
687,3.97001,0,0.9999999,1,0.59000003,0,5,5
688,3.97001,0,0.9999999,1,0.59000003,0,5,5
689,3.97001,0,0.9999999,0.9999999,0.59000003,0,5,5
690,3.97001,0,0.9999999,0.9999999,0.59000003,0,5,5
691,3.97001,0,0.9999999,1,0.59000003,0,5,5
692,3.97001,0,0.9999999,1,0.59000003,0,5,5
693,3.97001,0,0.9999999,0.9999999,0.59000003,0,5,5
694,3.97001,0,0.9999999,0.9999999,0.59000003,0,5,5
695,3.97001,0,0.9999999,1,0.59000003,0,5,5
696,3.97001,0,0.9999999,1,0.59000003,0,5,5
697,3.97001,0,0.9999999,0.9999999,0.59000003,0,5,5
698,3.97001,0,0.9999999,0.9999999,0.59000003,0,5,5
699,3.97001,0,0.9999999,0.9999999,0.59000003,0,5,5
700,3.97001,0,0.9999999,1,0.59000003,0,5,5
701,3.97001,0,0.9999999,1,0.59000003,0,5,5
702,3.97001,0,0.9999999,0.9999999,0.59000003,0,5,5
703,3.97001,0,0.9999999,0.9999999,0.59000003,0,5,5
704,3.97001,0,0.9999999,1,0.59000003,0,5,5
705,3.97001,0,0.9999999,1,0.59000003,0,5,5
706,3.97001,0,0.9999999,0.9999999,0.59000003,0,5,5
707,3.97001,0,0.9999999,0.9999999,0.59000003,0,5,5
708,3.97001,0,0.9999999,0.9999999,0.59000003,0,5,5
709,3.97001,0,0.9999999,1,0.59000003,0,5,5
710,3.97001,0,0.9999999,0.9999999,0.59000003,0,5,5
711,3.97001,0,0.9999999,0.9999999,0.59000003,0,5,5
712,3.97001,0,0.9999999,0.9999999,0.59000003,0,5,5
713,3.97001,0,0.9999999,1,0.59000003,0,5,5
714,3.97001,0,0.9999999,1,0.59000003,0,5,5
715,3.97001,0,0.9999999,0.9999999,0.59000003,0,5,5
716,3.97001,0,0.9999999,0.9999999,0.59000003,0,5,5
717,3.97001,0,0.9999999,1,0.59000003,0,5,5
718,3.97001,0,0.9999999,1,0.59000003,0,5,5
719,3.97001,0,0.9999999,0.9999999,0.59000003,0,5,5
720,3.97001,0,0.9999999,0.9999999,0.59000003,0,5,5
721,3.97001,0,0.9999999,1,0.59000003,0,5,5
722,3.97001,0,0.9999999,1,0.59000003,0,5,5
723,3.97001,0,0.9999999,0.9999999,0.59000003,0,5,5
724,3.97001,0,0.9999999,0.9999999,0.59000003,0,5,5
725,3.97001,0,0.9999999,0.9999999,0.59000003,0,5,5
726,3.97001,0,0.9999999,1,0.59000003,0,5,5
727,3.97001,0,0.9999999,0.9999999,0.59000003,0,5,5
728,3.97001,0,0.9999999,0.9999999,0.59000003,0,5,5
729,3.97001,0,0.9999999,0.9999999,0.59000003,0,5,5
730,3.97001,0,0.9999999,1,0.59000003,0,5,5
731,3.97001,0,0.9999999,1,0.59000003,0,5,5
732,3.97001,0,0.9999999,0.9999999,0.59000003,0,5,5
733,3.97001,0,0.9999999,0.9999999,0.59000003,0,5,5
734,3.97001,0,0.9999999,1,0.59000003,0,5,5
735,3.97001,0,0.9999999,1,0.59000003,0,5,5
736,3.97001,0,0.9999999,0.9999999,0.59000003,0,5,5
737,3.97001,0,0.9999999,0.9999999,0.59000003,0,5,5
738,3.97001,0,0.9999999,1,0.59000003,0,5,5
739,3.97001,0,0.9999999,1,0.59000003,0,5,5
740,3.97001,0,0.9999999,0.9999999,0.59000003,0,5,5
741,3.97001,0,0.9999999,0.9999999,0.59000003,0,5,5
742,3.97001,0,0.9999999,0.9999999,0.59000003,0,5,5
743,3.97001,0,0.9999999,1,0.59000003,0,5,5
744,3.97001,0,0.9999999,0.9999999,0.59000003,0,5,5
745,3.97001,0,0.9999999,0.9999999,0.59000003,0,5,5
746,3.97001,0,0.9999999,0.9999999,0.59000003,0,5,5
747,3.97001,0,0.9999999,1,0.59000003,0,5,5
748,3.97001,0,0.9999999,1,0.59000003,0,5,5
749,3.97001,0,0.9999999,0.9999999,0.59000003,0,5,5
750,3.97001,0,0.9999999,0.9999999,0.59000003,0,5,5
751,3.97001,0,0.9999999,1,0.59000003,0,5,5
752,3.97001,0,0.9999999,1,0.59000003,0,5,5
753,3.97001,0,0.9999999,0.9999999,0.59000003,0,5,5
754,3.97001,0,0.9999999,0.9999999,0.59000003,0,5,5
755,3.97001,0,0.9999999,0.9999999,0.59000003,0,5,5
756,3.97001,0,0.9999999,1,0.59000003,0,5,5
757,3.97001,0,0.9999999,0.9999999,0.59000003,0,5,5
758,3.97001,0,0.9999999,0.9999999,0.59000003,0,5,5
759,3.97001,0,0.9999999,1,0.59000003,0,5,5
760,3.97001,0,0.9999999,1,0.59000003,0,5,5
761,3.97001,0,0.9999999,1,0.59000003,0,5,5
762,3.97001,0,0.9999999,0.9999999,0.59000003,0,5,5
763,3.97001,0,0.9999999,0.9999999,0.59000003,0,5,5
764,3.97001,0,0.9999999,0.9999999,0.59000003,0,5,5
765,3.97001,0,0.9999999,1,0.59000003,0,5,5
766,3.97001,0,0.9999999,1,0.59000003,0,5,5
767,3.97001,0,0.9999999,0.9999999,0.59000003,0,5,5
768,3.97001,0,0.9999999,0.9999999,0.59000003,0,5,5
769,3.97001,0,0.9999999,0.9999999,0.59000003,0,5,5
770,3.97001,0,0.9999999,1,0.59000003,0,5,5
771,3.97001,0,0.9999999,0.9999999,0.59000003,0,5,5
772,3.97001,0,0.9999999,1,0.59000003,0,5,5
773,3.97001,0,0.9999999,1,0.59000003,0,5,5
774,3.97001,0,0.9999999,1,0.59000003,0,5,5
775,3.97001,0,0.9999999,0.9999999,0.59000003,0,5,5
776,3.97001,0,0.9999999,1,0.59000003,0,5,5
777,3.97001,0,0.9999999,0.9999999,0.59000003,0,5,5
778,3.97001,0,0.9999999,0.9999999,0.59000003,0,5,5
779,3.97001,0,0.9999999,0.9999999,0.59000003,0,5,5
780,3.97001,0,0.9999999,0.9999999,0.59000003,0,5,5
781,3.97001,0,0.9999999,0.9999999,0.59000003,0,5,5
782,3.97001,0,0.9999999,0.9999999,0.59000003,0,5,5
783,3.97001,0,0.9999999,0.9999999,0.59000003,0,5,5
784,3.97001,0,0.9999999,0.9999999,0.59000003,0,5,5
785,3.97001,0,0.9999999,0.9999999,0.59000003,0,5,5
786,3.97001,0,0.9999999,0.9999999,0.59000003,0,5,5
787,3.97001,0,0.9999999,0.9999999,0.59000003,0,5,5
788,3.97001,0,0.9999999,0.9999999,0.59000003,0,5,5
789,3.97001,0,0.9999999,1,0.59000003,0,5,5
790,3.97001,0,0.9999999,1,0.59000003,0,5,5
791,3.97001,0,0.9999999,1,0.59000003,0,5,5
792,3.97001,0,0.9999999,0.9999999,0.59000003,0,5,5
793,3.97001,0,0.9999999,0.9999999,0.59000003,0,5,5
794,3.97001,0,0.9999999,0.9999999,0.59000003,0,5,5
795,3.97001,0,0.9999999,1,0.59000003,0,5,5
796,3.97001,0,0.9999999,0.9999999,0.59000003,0,5,5
797,3.97001,0,0.9999999,0.9999999,0.59000003,0,5,5
798,3.97001,0,0.9999999,0.9999999,0.59000003,0,5,5
799,3.97001,0,0.9999999,0.9999999,0.59000003,0,5,5
800,3.97001,0,0.9999999,0.9999999,0.59000003,0,5,5
801,3.97001,0,0.9999999,0.9999999,0.59000003,0,5,5
802,3.97001,0,0.9999999,1,0.59000003,0,5,5
803,3.97001,0,0.9999999,0.9999999,0.59000003,0,5,5
804,3.97001,0,0.9999999,1,0.59000003,0,5,5
805,3.97001,0,0.9999999,0.9999999,0.59000003,0,5,5
806,3.97001,0,0.9999999,0.9999999,0.59000003,0,5,5
807,3.97001,0,0.9999999,0.9999999,0.59000003,0,5,5
808,3.97001,0,0.9999999,0.9999999,0.59000003,0,5,5
809,3.97001,0,0.9999999,1,0.59000003,0,5,5
810,3.97001,0,0.9999999,0.9999999,0.59000003,0,5,5
811,3.97001,0,0.9999999,1,0.59000003,0,5,5
812,3.97001,0,0.9999999,1,0.59000003,0,5,5
813,3.97001,0,0.9999999,1,0.59000003,0,5,5
814,3.97001,0,0.9999999,0.9999999,0.59000003,0,5,5
815,3.97001,0,0.9999999,1,0.59000003,0,5,5
816,3.97001,0,0.9999999,1,0.59000003,0,5,5
817,3.97001,0,0.9999999,1,0.59000003,0,5,5
818,3.97001,0,0.9999999,0.9999999,0.59000003,0,5,5
819,3.97001,0,0.9999999,1,0.59000003,0,5,5
820,3.97001,0,0.9999999,1,0.59000003,0,5,5
821,3.97001,0,0.9999999,0.9999999,0.59000003,0,5,5
822,3.97001,0,0.9999999,0.9999999,0.59000003,0,5,5
823,3.97001,0,0.9999999,1,0.59000003,0,5,5
824,3.97001,0,0.9999999,1,0.59000003,0,5,5
825,3.97001,0,0.9999999,0.9999999,0.59000003,0,5,5
826,3.97001,0,0.9999999,1,0.59000003,0,5,5
827,3.97001,0,0.9999999,0.9999999,0.59000003,0,5,5
828,3.97001,0,0.9999999,0.9999999,0.59000003,0,5,5
829,3.97001,0,0.9999999,0.9999999,0.59000003,0,5,5
830,3.97001,0,0.9999999,0.9999999,0.59000003,0,5,5
831,3.97001,0,0.9999999,1,0.59000003,0,5,5
832,3.97001,0,0.9999999,0.9999999,0.59000003,0,5,5
833,3.97001,0,0.9999999,0.9999999,0.59000003,0,5,5
834,3.97001,0,0.9999999,0.9999999,0.59000003,0,5,5
835,3.97001,0,0.9999999,0.9999999,0.59000003,0,5,5
836,3.97001,0,0.9999999,1,0.59000003,0,5,5
837,3.97001,0,0.9999999,1,0.59000003,0,5,5
838,3.97001,0,0.9999999,0.9999999,0.59000003,0,5,5
839,3.97001,0,0.9999999,0.9999999,0.59000003,0,5,5
840,3.97001,0,0.9999999,0.9999999,0.59000003,0,5,5
841,3.97001,0,0.9999999,1,0.59000003,0,5,5
842,3.97001,0,0.9999999,0.9999999,0.59000003,0,5,5
843,3.97001,0,0.9999999,1,0.59000003,0,5,5
844,3.97001,0,0.9999999,0.9999999,0.59000003,0,5,5
845,3.97001,0,0.9999999,1,0.59000003,0,5,5
846,3.97001,0,0.9999999,1,0.59000003,0,5,5
847,3.97001,0,0.9999999,1,0.59000003,0,5,5
848,3.97001,0,0.9999999,1,0.59000003,0,5,5
849,3.97001,0,0.9999999,1,0.59000003,0,5,5
850,3.97001,0,0.9999999,0.9999999,0.59000003,0,5,5
851,3.97001,0,0.9999999,1,0.59000003,0,5,5
852,3.97001,0,0.9999999,0.9999999,0.59000003,0,5,5
853,3.97001,0,0.9999999,0.9999999,0.59000003,0,5,5
854,3.97001,0,0.9999999,1,0.59000003,0,5,5
855,3.97001,0,0.9999999,1,0.59000003,0,5,5
856,3.97001,0,0.9999999,0.9999999,0.59000003,0,5,5
857,3.97001,0,0.9999999,0.9999999,0.59000003,0,5,5
858,3.97001,0,0.9999999,0.9999999,0.59000003,0,5,5
859,3.97001,0,0.9999999,0.9999999,0.59000003,0,5,5
860,3.97001,0,0.9999999,0.9999999,0.59000003,0,5,5
861,3.97001,0,0.9999999,0.9999999,0.59000003,0,5,5
862,3.97001,0,0.9999999,0.9999999,0.59000003,0,5,5
863,3.97001,0,0.9999999,1,0.59000003,0,5,5
864,3.97001,0,0.9999999,1,0.59000003,0,5,5
865,3.97001,0,0.9999999,1,0.59000003,0,5,5
866,3.97001,0,0.9999999,1,0.59000003,0,5,5
867,3.97001,0,0.9999999,1,0.59000003,0,5,5
868,3.97001,0,0.9999999,0.9999999,0.59000003,0,5,5
869,3.97001,0,0.9999999,1,0.59000003,0,5,5
870,3.97001,0,0.9999999,0.9999999,0.59000003,0,5,5
871,3.97001,0,0.9999999,1,0.59000003,0,5,5
872,3.97001,0,0.9999999,1,0.59000003,0,5,5
873,3.97001,0,0.9999999,0.9999999,0.59000003,0,5,5
874,3.97001,0,0.9999999,0.9999999,0.59000003,0,5,5
875,3.97001,0,0.9999999,0.9999999,0.59000003,0,5,5
876,3.97001,0,0.9999999,0.9999999,0.59000003,0,5,5
877,3.97001,0,0.9999999,0.9999999,0.59000003,0,5,5
878,3.97001,0,0.9999999,0.9999999,0.59000003,0,5,5
879,3.97001,0,0.9999999,0.9999999,0.59000003,0,5,5
880,3.97001,0,0.9999999,0.9999999,0.59000003,0,5,5
881,3.97001,0,0.9999999,1,0.59000003,0,5,5
882,3.97001,0,0.9999999,0.9999999,0.59000003,0,5,5
883,3.97001,0,0.9999999,0.9999999,0.59000003,0,5,5
884,3.97001,0,0.9999999,0.9999999,0.59000003,0,5,5
885,3.97001,0,0.9999999,0.9999999,0.59000003,0,5,5
886,3.97001,0,0.9999999,0.9999999,0.59000003,0,5,5
887,3.97001,0,0.9999999,1,0.59000003,0,5,5
888,3.97001,0,0.9999999,0.9999999,0.59000003,0,5,5
889,3.97001,0,0.9999999,0.9999999,0.59000003,0,5,5
890,3.97001,0,0.9999999,1,0.59000003,0,5,5
891,3.97001,0,0.9999999,0.9999999,0.59000003,0,5,5
892,3.97001,0,0.9999999,1,0.59000003,0,5,5
893,3.97001,0,0.9999999,1,0.59000003,0,5,5
894,3.97001,0,0.9999999,1,0.59000003,0,5,5
895,3.97001,0,0.9999999,0.9999999,0.59000003,0,5,5
896,3.97001,0,0.9999999,1,0.59000003,0,5,5
897,3.97001,0,0.9999999,0.9999999,0.59000003,0,5,5
898,3.97001,0,0.9999999,1,0.59000003,0,5,5
899,3.97001,0,0.9999999,0.9999999,0.59000003,0,5,5
900,3.97001,0,0.9999999,0.9999999,0.59000003,0,5,5
901,3.97001,0,0.9999999,1,0.59000003,0,5,5
902,3.97001,0,0.9999999,0.9999999,0.59000003,0,5,5
903,3.97001,0,0.9999999,1,0.59000003,0,5,5
904,3.97001,0,0.9999999,0.9999999,0.59000003,0,5,5
905,3.97001,0,0.9999999,1,0.59000003,0,5,5
906,3.97001,0,0.9999999,0.9999999,0.59000003,0,5,5
907,3.97001,0,0.9999999,0.9999999,0.59000003,0,5,5
908,3.97001,0,0.9999999,1,0.59000003,0,5,5
909,3.97001,0,0.9999999,0.9999999,0.59000003,0,5,5
910,3.97001,0,0.9999999,0.9999999,0.59000003,0,5,5
911,3.97001,0,0.9999999,0.9999999,0.59000003,0,5,5
912,3.97001,0,0.9999999,0.9999999,0.59000003,0,5,5
913,3.97001,0,0.9999999,1,0.59000003,0,5,5
914,3.97001,0,0.9999999,1,0.59000003,0,5,5
915,3.97001,0,0.9999999,0.9999999,0.59000003,0,5,5
916,3.97001,0,0.9999999,1,0.59000003,0,5,5
917,3.97001,0,0.9999999,1,0.59000003,0,5,5
918,3.97001,0,0.9999999,0.9999999,0.59000003,0,5,5
919,3.97001,0,0.9999999,0.9999999,0.59000003,0,5,5
920,3.97001,0,0.9999999,1,0.59000003,0,5,5
921,3.97001,0,0.9999999,0.9999999,0.59000003,0,5,5
922,3.97001,0,0.9999999,1,0.59000003,0,5,5
923,3.97001,0,0.9999999,0.9999999,0.59000003,0,5,5
924,3.97001,0,0.9999999,0.9999999,0.59000003,0,5,5
925,3.97001,0,0.9999999,1,0.59000003,0,5,5
926,3.97001,0,0.9999999,1,0.59000003,0,5,5
927,3.97001,0,0.9999999,1,0.59000003,0,5,5
928,3.97001,0,0.9999999,1,0.59000003,0,5,5
929,3.97001,0,0.9999999,1,0.59000003,0,5,5
930,3.97001,0,0.9999999,1,0.59000003,0,5,5
931,3.97001,0,0.9999999,1,0.59000003,0,5,5
932,3.97001,0,0.9999999,0.9999999,0.59000003,0,5,5
933,3.97001,0,0.9999999,1,0.59000003,0,5,5
934,3.97001,0,0.9999999,1,0.59000003,0,5,5
935,3.97001,0,0.9999999,0.9999999,0.59000003,0,5,5
936,3.97001,0,0.9999999,0.9999999,0.59000003,0,5,5
937,3.97001,0,0.9999999,0.9999999,0.59000003,0,5,5
938,3.97001,0,0.9999999,1,0.59000003,0,5,5
939,3.97001,0,0.9999999,1,0.59000003,0,5,5
940,3.97001,0,0.9999999,0.9999999,0.59000003,0,5,5
941,3.97001,0,0.9999999,0.9999999,0.59000003,0,5,5
942,3.97001,0,0.9999999,0.9999999,0.59000003,0,5,5
943,3.97001,0,0.9999999,0.9999999,0.59000003,0,5,5
944,3.97001,0,0.9999999,1,0.59000003,0,5,5
945,3.97001,0,0.9999999,1,0.59000003,0,5,5
946,3.97001,0,0.9999999,1,0.59000003,0,5,5
947,3.97001,0,0.9999999,0.9999999,0.59000003,0,5,5
948,3.97001,0,0.9999999,0.9999999,0.59000003,0,5,5
949,3.97001,0,0.9999999,0.9999999,0.59000003,0,5,5
950,3.97001,0,0.9999999,0.9999999,0.59000003,0,5,5
951,3.97001,0,0.9999999,0.9999999,0.59000003,0,5,5
952,3.97001,0,0.9999999,0.9999999,0.59000003,0,5,5
953,3.97001,0,0.9999999,1,0.59000003,0,5,5
954,3.97001,0,0.9999999,1,0.59000003,0,5,5
955,3.97001,0,0.9999999,1,0.59000003,0,5,5
956,3.97001,0,0.9999999,1,0.59000003,0,5,5
957,3.97001,0,0.9999999,0.9999999,0.59000003,0,5,5
958,3.97001,0,0.9999999,0.9999999,0.59000003,0,5,5
959,3.97001,0,0.9999999,0.9999999,0.59000003,0,5,5
960,3.97001,0,0.9999999,0.9999999,0.59000003,0,5,5
961,3.97001,0,0.9999999,0.9999999,0.59000003,0,5,5
962,3.97001,0,0.9999999,0.9999999,0.59000003,0,5,5
963,3.97001,0,0.9999999,1,0.59000003,0,5,5
964,3.97001,0,0.9999999,1,0.59000003,0,5,5
965,3.97001,0,0.9999999,1,0.59000003,0,5,5
966,3.97001,0,0.9999999,0.9999999,0.59000003,0,5,5
967,3.97001,0,0.9999999,0.9999999,0.59000003,0,5,5
968,3.97001,0,0.9999999,0.9999999,0.59000003,0,5,5
969,3.97001,0,0.9999999,0.9999999,0.59000003,0,5,5
970,3.97001,0,0.9999999,0.9999999,0.59000003,0,5,5
971,3.97001,0,0.9999999,1,0.59000003,0,5,5
972,3.97001,0,0.9999999,1,0.59000003,0,5,5
973,3.97001,0,0.9999999,1,0.59000003,0,5,5
974,3.97001,0,0.9999999,1,0.59000003,0,5,5
975,3.97001,0,0.9999999,0.9999999,0.59000003,0,5,5
976,3.97001,0,0.9999999,0.9999999,0.59000003,0,5,5
977,3.97001,0,0.9999999,0.9999999,0.59000003,0,5,5
978,3.97001,0,0.9999999,0.9999999,0.59000003,0,5,5
979,3.97001,0,0.9999999,0.9999999,0.59000003,0,5,5
980,3.97001,0,0.9999999,0.9999999,0.59000003,0,5,5
981,3.97001,0,0.9999999,1,0.59000003,0,5,5
982,3.97001,0,0.9999999,1,0.59000003,0,5,5
983,3.97001,0,0.9999999,1,0.59000003,0,5,5
984,3.97001,0,0.9999999,0.9999999,0.59000003,0,5,5
985,3.97001,0,0.9999999,0.9999999,0.59000003,0,5,5
986,3.97001,0,0.9999999,0.9999999,0.59000003,0,5,5
987,3.97001,0,0.9999999,0.9999999,0.59000003,0,5,5
988,3.97001,0,0.9999999,1,0.59000003,0,5,5
989,3.97001,0,0.9999999,1,0.59000003,0,5,5
990,3.97001,0,0.9999999,1,0.59000003,0,5,5
991,3.97001,0,0.9999999,1,0.59000003,0,5,5
992,3.97001,0,0.9999999,0.9999999,0.59000003,0,5,5
993,3.97001,0,0.9999999,0.9999999,0.59000003,0,5,5
994,3.97001,0,0.9999999,0.9999999,0.59000003,0,5,5
995,3.97001,0,0.9999999,0.9999999,0.59000003,0,5,5
996,3.97001,0,0.9999999,1,0.59000003,0,5,5
997,3.97001,0,0.9999999,1,0.59000003,0,5,5
998,3.97001,0,0.9999999,1,0.59000003,0,5,5
999,3.97001,0,0.9999999,0.9999999,0.59000003,0,5,5
